step,elapsed_tokens,elapsed_examples,training_loss,training_sequence_accuracy,training_token_accuracy,validation_loss,validation_sequence_accuracy,validation_token_accuracy,classification/accuracy,classification/precision,classification/recall,classification/auroc,classification/auprc,classification/f1.0
1,226,2,0.1437409638844461,0.0,0.0,0.11951415972460504,0.0,0.0,,,,,,
2,452,4,0.12485822075023731,0.0,0.0,,,,,,,,,
3,678,6,0.11263880098528586,0.0,0.0,,,,,,,,,
4,888,8,0.10163970200625605,0.0,0.0,,,,,,,,,
5,1130,10,0.07606203274509123,0.0,0.0,,,,,,,,,
6,1372,12,0.0489228943013101,0.0,0.0,,,,,,,,,
7,1598,14,0.05695309284580292,0.0,0.0,,,,,,,,,
8,1840,16,0.04115870798024359,0.5,0.5,,,,,,,,,
9,2066,18,0.03560152523921455,0.5,0.5,0.03305432682196745,0.5,0.5,,,,,,
10,2308,20,0.0376147243558371,1.0,1.0,,,,,,,,,
11,2534,22,0.04152810837499731,0.5,0.5,,,,,,,,,
12,2776,24,0.03600592306155401,1.0,1.0,,,,,,,,,
13,3002,26,0.03767522260937507,0.0,0.0,,,,,,,,,
14,3228,28,0.035727984171493775,0.5,0.5,,,,,,,,,
15,3470,30,0.03489304819867054,0.0,0.0,,,,,,,,,
16,3712,32,0.0271372005942964,1.0,1.0,,,,,,,,,
17,3938,34,0.030498368192213875,1.0,1.0,0.03241810296410611,1.0,1.0,,,,,,
18,4116,36,0.044034383769837655,0.5,0.5,,,,,,,,,
19,4358,38,0.040266847454093896,0.5,0.5,,,,,,,,,
20,4600,40,0.030465136997508427,0.5,0.5,,,,,,,,,
21,4826,42,0.03721985267591662,0.5,0.5,,,,,,,,,
22,5036,44,0.033166010505461044,0.5,0.5,,,,,,,,,
23,5262,46,0.027864028430677926,1.0,1.0,,,,,,,,,
24,5520,48,0.03276785576630573,0.0,0.0,,,,,,,,,
25,5762,50,0.031510115090352585,0.0,0.0,0.0236934735672415,0.5,0.5,,,,,,
26,5972,52,0.03275704821685884,0.0,0.0,,,,,,,,,
27,6214,54,0.031122074671184236,1.0,1.0,,,,,,,,,
28,6440,56,0.02799691266710787,0.5,0.5,,,,,,,,,
29,6682,58,0.030281531785280095,0.5,0.5,,,,,,,,,
30,6924,60,0.030992184249955854,0.0,0.0,,,,,,,,,
31,7134,62,0.02738699619502558,0.0,0.0,,,,,,,,,
32,7344,64,0.026782956050060765,1.0,1.0,,,,,,,,,
33,7586,66,0.02432816074379177,0.5,0.5,0.030066715306224328,0.5,0.5,,,,,,
34,7828,68,0.03147049317025327,0.5,0.5,,,,,,,,,
35,8054,70,0.02900393344028219,0.5,0.5,,,,,,,,,
36,8280,72,0.0340223557702432,0.0,0.0,,,,,,,,,
37,8506,74,0.02238182601388222,0.5,0.5,,,,,,,,,
38,8732,76,0.023882743580034005,1.0,1.0,,,,,,,,,
39,8958,78,0.02834940672179073,0.0,0.0,,,,,,,,,
40,9184,80,0.02634638024951203,1.0,1.0,,,,,,,,,
41,9410,82,0.031080107507803927,0.0,0.0,0.02350142945923168,0.5,0.5,,,,,,
42,9636,84,0.024312249332894158,1.0,1.0,,,,,,,,,
43,9878,86,0.023351604737769475,1.0,1.0,,,,,,,,,
44,10120,88,0.0220777666241144,1.0,1.0,,,,,,,,,
45,10346,90,0.022253740215310895,1.0,1.0,,,,,,,,,
46,10588,92,0.02722582413524409,0.5,0.5,,,,,,,,,
47,10814,94,0.029156097466056963,0.5,0.5,,,,,,,,,
48,11024,96,0.016496810716860356,1.0,1.0,,,,,,,,,
49,11266,98,0.02563274767199255,0.5,0.5,0.02888187643566718,0.5,0.5,,,,,,
50,11492,100,0.029306582076836618,0.5,0.5,,,,,,,,,
51,11734,102,0.02405560356133295,0.5,0.5,,,,,,,,,
52,11960,104,0.02017267330899553,0.5,0.5,,,,,,,,,
53,12186,106,0.02820862544346872,0.0,0.0,,,,,,,,,
54,12428,108,0.021091734974422703,0.5,0.5,,,,,,,,,
55,12654,110,0.02254077856813053,0.5,0.5,,,,,,,,,
56,12880,112,0.02358224355977248,0.5,0.5,,,,,,,,,
57,13090,114,0.02351191380570649,1.0,1.0,0.025736878512667705,0.5,0.5,,,,,,
58,13300,116,0.01598667948986636,1.0,1.0,,,,,,,,,
59,13510,118,0.014771957779844165,1.0,1.0,,,,,,,,,
60,13752,120,0.01579613865515925,1.0,1.0,,,,,,,,,
61,13978,122,0.04141997951851165,0.0,0.0,,,,,,,,,
62,14188,124,0.01583058378751852,1.0,1.0,,,,,,,,,
63,14414,126,0.028026837321195902,0.5,0.5,,,,,,,,,
64,14576,128,0.024638406863687352,0.5,0.5,,,,,,,,,
65,14802,130,0.020249553366064838,1.0,1.0,0.028637621764190522,0.0,0.0,,,,,,
66,15044,132,0.016955099553901162,1.0,1.0,,,,,,,,,
67,15254,134,0.02780647380450087,0.5,0.5,,,,,,,,,
68,15496,136,0.02427676965428126,0.0,0.0,,,,,,,,,
69,15738,138,0.022680686691822983,0.0,0.0,,,,,,,,,
70,15980,140,0.020867003866394382,0.0,0.0,,,,,,,,,
71,16222,142,0.0210776012251542,0.0,0.0,,,,,,,,,
72,16432,144,0.02169521004951078,1.0,1.0,,,,,,,,,
73,16674,146,0.020197278015789986,1.0,1.0,0.025867856065314013,0.5,0.5,,,,,,
74,16900,148,0.03194968601117546,0.0,0.0,,,,,,,,,
75,17126,150,0.01785330716664914,1.0,1.0,,,,,,,,,
76,17352,152,0.02080648325435397,0.5,0.5,,,,,,,,,
77,17578,154,0.01783776570981465,1.0,1.0,,,,,,,,,
78,17820,156,0.026943273271624664,0.0,0.0,,,,,,,,,
79,18030,158,0.02468134409967487,0.5,0.5,,,,,,,,,
80,18240,160,0.018741707728545894,1.0,1.0,,,,,,,,,
81,18466,162,0.02002849516220902,1.0,1.0,0.018521486024816916,0.5,0.5,,,,,,
82,18708,164,0.02626651765533555,0.0,0.0,,,,,,,,,
83,18934,166,0.02002195292902818,1.0,1.0,,,,,,,,,
84,19160,168,0.01582296753324357,1.0,1.0,,,,,,,,,
85,19402,170,0.014178758647551543,1.0,1.0,,,,,,,,,
86,19596,172,0.016710774396019465,0.5,0.5,,,,,,,,,
87,19854,174,0.016230805138985165,1.0,1.0,,,,,,,,,
88,20064,176,0.026677232630916203,0.0,0.0,,,,,,,,,
89,20306,178,0.019187723176684622,0.5,0.5,0.02227674855438885,0.5,0.5,,,,,,
90,20532,180,0.02354087481143876,0.5,0.5,,,,,,,,,
91,20774,182,0.018760863673925758,0.5,0.5,,,,,,,,,
92,21016,184,0.018115522003460668,0.5,0.5,,,,,,,,,
93,21242,186,0.015366511737427478,1.0,1.0,,,,,,,,,
94,21484,188,0.02133074028115013,0.0,0.0,,,,,,,,,
95,21726,190,0.018811803670016492,0.5,0.5,,,,,,,,,
96,21952,192,0.021210941809976753,0.0,0.0,,,,,,,,,
97,22178,194,0.022145700942288023,0.5,0.5,0.018550189398847665,0.5,0.5,,,,,,
98,22404,196,0.01963948490975396,1.0,1.0,,,,,,,,,
99,22662,198,0.019648721000358284,0.5,0.5,,,,,,,,,
100,22872,200,0.01560318936734886,1.0,1.0,,,,,,,,,
101,23098,202,0.019841525729830056,0.5,0.5,,,,,,,,,
102,23324,204,0.020921103780776572,0.5,0.5,,,,,,,,,
103,23566,206,0.02449126781217686,0.0,0.0,,,,,,,,,
104,23792,208,0.019106944539297094,1.0,1.0,,,,,,,,,
105,24018,210,0.018633688943312122,1.0,1.0,0.020036233857936743,0.5,0.5,,,,,,
106,24244,212,0.021262764703587872,0.0,0.0,,,,,,,,,
107,24486,214,0.017879684608510853,1.0,1.0,,,,,,,,,
108,24728,216,0.015744086421455337,0.5,0.5,,,,,,,,,
109,24970,218,0.02156149932571771,0.0,0.0,,,,,,,,,
110,25180,220,0.01807574878361172,1.0,1.0,,,,,,,,,
111,25406,222,0.022574620861194685,0.5,0.5,,,,,,,,,
112,25648,224,0.015978974169064988,0.0,0.0,,,,,,,,,
113,25874,226,0.01868947090228882,1.0,1.0,0.01917169465442052,0.5,0.5,,,,,,
114,26100,228,0.021207981726076425,0.5,0.5,,,,,,,,,
115,26326,230,0.02136678291573994,0.5,0.5,,,,,,,,,
116,26568,232,0.01919696292658691,0.0,0.0,,,,,,,,,
117,26794,234,0.02291956307639435,0.0,0.0,,,,,,,,,
118,27036,236,0.020703832676320155,0.5,0.5,,,,,,,,,
119,27262,238,0.017905394556831537,1.0,1.0,,,,,,,,,
120,27488,240,0.01949178537612927,0.5,0.5,,,,,,,,,
121,27730,242,0.022534378370385705,0.0,0.0,0.019332182460751395,1.0,1.0,,,,,,
122,27972,244,0.02062673668191888,1.0,1.0,,,,,,,,,
123,28214,246,0.01753921562345117,0.5,0.5,,,,,,,,,
124,28440,248,0.019889977653100074,0.0,0.0,,,,,,,,,
125,28650,250,0.015142238961735463,0.5,0.5,,,,,,,,,
126,28876,252,0.01877181285659584,0.5,0.5,,,,,,,,,
127,29070,254,0.016132518475567095,0.0,0.0,,,,,,,,,
128,29296,256,0.016165895959816164,0.5,0.5,,,,,,,,,
129,29522,258,0.018550699786755023,0.5,0.5,0.020511038572239248,0.5,0.5,,,,,,
130,29764,260,0.022475797404035883,0.0,0.0,,,,,,,,,
131,29974,262,0.018372087776735387,0.0,0.0,,,,,,,,,
132,30216,264,0.018741373909176552,0.0,0.0,,,,,,,,,
133,30442,266,0.01872179918273772,1.0,1.0,,,,,,,,,
134,30668,268,0.01363901959543336,0.5,0.5,,,,,,,,,
135,30878,270,0.021637865779402892,1.0,1.0,,,,,,,,,
136,31104,272,0.019057295238892942,1.0,1.0,,,,,,,,,
137,31330,274,0.018047452503883506,0.5,0.5,0.016401912824254624,0.5,0.5,,,,,,
138,31540,276,0.019793580246705657,0.0,0.0,,,,,,,,,
139,31766,278,0.015095387794863848,0.5,0.5,,,,,,,,,
140,31976,280,0.021415077617711498,0.5,0.5,,,,,,,,,
141,32202,282,0.01707766220685798,0.5,0.5,,,,,,,,,
142,32444,284,0.017647585666303256,0.5,0.5,,,,,,,,,
143,32686,286,0.017506126385736724,0.5,0.5,,,,,,,,,
144,32912,288,0.01345224060822128,0.5,0.5,,,,,,,,,
145,33138,290,0.022426919903465594,0.0,0.0,0.01974209006054166,0.5,0.5,,,,,,
146,33348,292,0.018524468674763008,1.0,1.0,,,,,,,,,
147,33558,294,0.02148300485097166,0.5,0.5,,,,,,,,,
148,33784,296,0.019668883193832566,0.5,0.5,,,,,,,,,
149,33994,298,0.018346027442348936,1.0,1.0,,,,,,,,,
150,34204,300,0.018529531946819576,0.5,0.5,,,,,,,,,
151,34430,302,0.018382694927633423,0.0,0.0,,,,,,,,,
152,34672,304,0.019086373675171003,0.5,0.5,,,,,,,,,
153,34898,306,0.015898817556760727,0.5,0.5,0.01732322720659009,0.5,0.5,,,,,,
154,35140,308,0.016963155378301207,1.0,1.0,,,,,,,,,
155,35382,310,0.01846219574085341,1.0,1.0,,,,,,,,,
156,35624,312,0.019417696774835014,0.0,0.0,,,,,,,,,
157,35850,314,0.01673114752139526,0.5,0.5,,,,,,,,,
158,36092,316,0.013776940329793878,0.5,0.5,,,,,,,,,
159,36334,318,0.015140629144602217,1.0,1.0,,,,,,,,,
160,36560,320,0.017542248322393133,0.5,0.5,,,,,,,,,
161,36770,322,0.020272149635100052,0.5,0.5,0.015773142490116788,0.5,0.5,,,,,,
162,36996,324,0.011643390654424574,0.5,0.5,,,,,,,,,
163,37222,326,0.017447766065223667,0.5,0.5,,,,,,,,,
164,37448,328,0.01871680945452638,0.5,0.5,,,,,,,,,
165,37690,330,0.012645217489639054,1.0,1.0,,,,,,,,,
166,37932,332,0.015800731472756978,0.5,0.5,,,,,,,,,
167,38158,334,0.020161858009326898,0.5,0.5,,,,,,,,,
168,38384,336,0.015867100313601713,1.0,1.0,,,,,,,,,
169,38626,338,0.01770867280241296,0.0,0.0,0.017002737328084133,0.0,0.0,,,,,,
170,38868,340,0.01865870698666855,0.5,0.5,,,,,,,,,
171,39110,342,0.01756642084300453,0.5,0.5,,,,,,,,,
172,39352,344,0.016452448032803848,0.0,0.0,,,,,,,,,
173,39594,346,0.018368357680528268,1.0,1.0,,,,,,,,,
174,39820,348,0.019628788110379148,0.0,0.0,,,,,,,,,
175,40062,350,0.016830954918435843,1.0,1.0,,,,,,,,,
176,40288,352,0.02086897793234711,0.0,0.0,,,,,,,,,
177,40514,354,0.017942557636728668,0.0,0.0,0.02188114160360091,1.0,1.0,,,,,,
178,40756,356,0.018560836006001794,1.0,1.0,,,,,,,,,
179,40982,358,0.021266560079168346,0.5,0.5,,,,,,,,,
180,41208,360,0.018924855222018887,0.5,0.5,,,,,,,,,
181,41450,362,0.01995220999092695,1.0,1.0,,,,,,,,,
182,41676,364,0.014920014812306145,1.0,1.0,,,,,,,,,
183,41902,366,0.01401988233007635,0.5,0.5,,,,,,,,,
184,42128,368,0.017869630660974415,1.0,1.0,,,,,,,,,
185,42354,370,0.01605269053761501,0.5,0.5,0.020732854692875915,0.0,0.0,,,,,,
186,42580,372,0.014274180019355123,1.0,1.0,,,,,,,,,
187,42790,374,0.01890384815664177,0.5,0.5,,,,,,,,,
188,43016,376,0.014726844770415758,0.0,0.0,,,,,,,,,
189,43258,378,0.02459836343595109,0.0,0.0,,,,,,,,,
190,43484,380,0.020284301447202283,0.0,0.0,,,,,,,,,
191,43694,382,0.017161214734509586,0.5,0.5,,,,,,,,,
192,43920,384,0.02035185106775738,0.5,0.5,,,,,,,,,
193,44146,386,0.018680046865946938,1.0,1.0,0.01844726653332533,0.5,0.5,,,,,,
194,44356,388,0.017167905906096174,0.5,0.5,,,,,,,,,
195,44566,390,0.019545287141337034,0.5,0.5,,,,,,,,,
196,44792,392,0.012451274909496478,0.0,0.0,,,,,,,,,
197,45002,394,0.015493745384863693,1.0,1.0,,,,,,,,,
198,45228,396,0.018614503609564396,0.0,0.0,,,,,,,,,
199,45454,398,0.016912323030625644,1.0,1.0,,,,,,,,,
200,45680,400,0.01806503747447133,0.0,0.0,,,,,,,,,
201,45922,402,0.014101116585156774,0.5,0.5,0.017128774777878875,0.5,0.5,,,,,,
202,46180,404,0.014164094392636864,1.0,1.0,,,,,,,,,
203,46422,406,0.016151577792189575,1.0,1.0,,,,,,,,,
204,46648,408,0.02158269622090948,0.0,0.0,,,,,,,,,
205,46874,410,0.018380124195456673,1.0,1.0,,,,,,,,,
206,47100,412,0.014059430548498128,0.5,0.5,,,,,,,,,
207,47326,414,0.02115860877461979,0.0,0.0,,,,,,,,,
208,47552,416,0.016582957630661144,0.5,0.5,,,,,,,,,
209,47794,418,0.021270109735596395,0.0,0.0,0.017338886537455724,0.0,0.0,,,,,,
210,48020,420,0.016244480642334438,0.0,0.0,,,,,,,,,
211,48230,422,0.016851787227389274,0.5,0.5,,,,,,,,,
212,48456,424,0.01715675902025805,0.5,0.5,,,,,,,,,
213,48666,426,0.016016530186759477,0.5,0.5,,,,,,,,,
214,48908,428,0.01881598194736421,0.0,0.0,,,,,,,,,
215,49150,430,0.016035705004592775,1.0,1.0,,,,,,,,,
216,49376,432,0.01760549306486827,0.5,0.5,,,,,,,,,
217,49602,434,0.019318013600259247,0.0,0.0,0.010975773947153112,1.0,1.0,,,,,,
218,49828,436,0.015345862704723419,0.5,0.5,,,,,,,,,
219,50070,438,0.016742478440729142,0.0,0.0,,,,,,,,,
220,50296,440,0.0175984139399079,0.5,0.5,,,,,,,,,
221,50506,442,0.01815476822731165,0.0,0.0,,,,,,,,,
222,50716,444,0.019342157134061264,0.0,0.0,,,,,,,,,
223,50958,446,0.019319837074556704,0.0,0.0,,,,,,,,,
224,51200,448,0.017242616090253425,0.5,0.5,,,,,,,,,
225,51426,450,0.01705573014393695,0.5,0.5,0.01674975332375036,0.5,0.5,,,,,,
226,51668,452,0.014027892451117241,0.5,0.5,,,,,,,,,
227,51894,454,0.017319534565084272,0.5,0.5,,,,,,,,,
228,52120,456,0.01654870192078503,1.0,1.0,,,,,,,,,
229,52346,458,0.018242270982846028,0.0,0.0,,,,,,,,,
230,52588,460,0.017578777356016692,1.0,1.0,,,,,,,,,
231,52814,462,0.01674502943548269,0.5,0.5,,,,,,,,,
232,53024,464,0.01772974921673714,1.0,1.0,,,,,,,,,
233,53186,466,0.017190401179899752,0.5,0.5,0.015415684662618398,0.5,0.5,,,,,,
234,53428,468,0.020306737177874335,0.0,0.0,,,,,,,,,
235,53670,470,0.018729237524363195,0.0,0.0,,,,,,,,,
236,53880,472,0.017159162691223858,0.0,0.0,,,,,,,,,
237,54090,474,0.017535696836352557,0.0,0.0,,,,,,,,,
238,54316,476,0.01579477361713238,0.5,0.5,,,,,,,,,
239,54542,478,0.01580830120494744,0.5,0.5,,,,,,,,,
240,54736,480,0.018141355683001723,0.5,0.5,,,,,,,,,
241,54978,482,0.017335074456241877,1.0,1.0,0.02096839930866668,0.0,0.0,,,,,,
242,55220,484,0.014303809590476802,1.0,1.0,,,,,,,,,
243,55446,486,0.019419902330822834,0.5,0.5,,,,,,,,,
244,55688,488,0.018238821404901368,0.5,0.5,,,,,,,,,
245,55914,490,0.025223465355404668,0.0,0.0,,,,,,,,,
246,56156,492,0.017753491583803637,0.5,0.5,,,,,,,,,
247,56382,494,0.02083046110734316,0.5,0.5,,,,,,,,,
248,56624,496,0.014568292178255421,0.5,0.5,,,,,,,,,
249,56866,498,0.015832062429630117,0.5,0.5,0.016511471123764884,1.0,1.0,,,,,,
250,57092,500,0.017761663257307207,0.5,0.5,,,,,,,,,
251,57334,502,0.018413236584287396,0.5,0.5,,,,,,,,,
252,57560,504,0.01820703671810283,0.5,0.5,,,,,,,,,
253,57802,506,0.015236455807532518,0.5,0.5,,,,,,,,,
254,58044,508,0.016321453828853895,1.0,1.0,,,,,,,,,
255,58270,510,0.01732796592177151,1.0,1.0,,,,,,,,,
256,58480,512,0.015975267967219944,0.5,0.5,,,,,,,,,
257,58722,514,0.01798500677620487,0.5,0.5,0.01573512329856731,1.0,1.0,,,,,,
258,58964,516,0.01849495426459386,0.0,0.0,,,,,,,,,
259,59206,518,0.01693626710404776,1.0,1.0,,,,,,,,,
260,59448,520,0.014828392997761841,0.5,0.5,,,,,,,,,
261,59674,522,0.017393963879104225,0.5,0.5,,,,,,,,,
262,59900,524,0.01691409363866708,0.5,0.5,,,,,,,,,
263,60126,526,0.017265049067429296,1.0,1.0,,,,,,,,,
264,60368,528,0.013872663384971291,1.0,1.0,,,,,,,,,
265,60594,530,0.012703739329183316,1.0,1.0,0.013426007982686006,0.5,0.5,,,,,,
266,60788,532,0.015144845901462848,0.5,0.5,,,,,,,,,
267,61014,534,0.017371528573177187,0.5,0.5,,,,,,,,,
268,61240,536,0.01211059020262159,0.5,0.5,,,,,,,,,
269,61466,538,0.02124328081360013,0.0,0.0,,,,,,,,,
270,61676,540,0.020840840734482294,0.0,0.0,,,,,,,,,
271,61918,542,0.01570732815658899,0.5,0.5,,,,,,,,,
272,62160,544,0.016422360211398215,0.5,0.5,,,,,,,,,
273,62402,546,0.011291216792448853,0.5,0.5,0.01658127524700962,0.5,0.5,,,,,,
274,62644,548,0.015964897214076946,1.0,1.0,,,,,,,,,
275,62870,550,0.01769353903818869,1.0,1.0,,,,,,,,,
276,63112,552,0.016055765147542637,0.5,0.5,,,,,,,,,
277,63338,554,0.0166093133779252,1.0,1.0,,,,,,,,,
278,63500,556,0.015343515815008054,0.5,0.5,,,,,,,,,
279,63710,558,0.019534928654584078,0.5,0.5,,,,,,,,,
280,63952,560,0.01832872878501838,0.5,0.5,,,,,,,,,
281,64194,562,0.011872607604421995,0.5,0.5,0.014456275963683263,0.5,0.5,,,,,,
282,64420,564,0.017269837465557422,0.0,0.0,,,,,,,,,
283,64630,566,0.01949267210370835,1.0,1.0,,,,,,,,,
284,64872,568,0.01192723227127148,0.5,0.5,,,,,,,,,
285,65098,570,0.016432294144867677,0.0,0.0,,,,,,,,,
286,65340,572,0.016897940575805497,0.0,0.0,,,,,,,,,
287,65582,574,0.016887663996291994,0.0,0.0,,,,,,,,,
288,65792,576,0.0205989236858039,0.5,0.5,,,,,,,,,
289,66034,578,0.015039904100959288,1.0,1.0,0.01394104564400188,1.0,1.0,,,,,,
290,66276,580,0.013164672470170502,0.0,0.0,,,,,,,,,
291,66518,582,0.02010127980810498,1.0,1.0,,,,,,,,,
292,66744,584,0.019394169034125653,1.0,1.0,,,,,,,,,
293,66986,586,0.018537198410612986,0.5,0.5,,,,,,,,,
294,67212,588,0.019410279829117527,1.0,1.0,,,,,,,,,
295,67454,590,0.011733594824305265,1.0,1.0,,,,,,,,,
296,67680,592,0.016784406381303213,0.5,0.5,,,,,,,,,
297,67906,594,0.020181996613250847,0.5,0.5,0.01801060832911977,0.5,0.5,,,,,,
298,68148,596,0.015210060757529514,0.5,0.5,,,,,,,,,
299,68374,598,0.01599744193621266,0.5,0.5,,,,,,,,,
300,68600,600,0.01298998106482594,1.0,1.0,,,,,,,,,
301,68826,602,0.02461673779901919,0.0,0.0,,,,,,,,,
302,69068,604,0.01250784172983848,1.0,1.0,,,,,,,,,
303,69310,606,0.01812479786031496,0.5,0.5,,,,,,,,,
304,69520,608,0.01850029111096418,0.5,0.5,,,,,,,,,
305,69730,610,0.021555740173314193,0.0,0.0,0.014492101019738607,1.0,1.0,,,,,,
306,69956,612,0.013437180234694356,1.0,1.0,,,,,,,,,
307,70182,614,0.014877833055394312,1.0,1.0,,,,,,,,,
308,70440,616,0.014787731248808486,0.5,0.5,,,,,,,,,
309,70666,618,0.011806244436345982,0.5,0.5,,,,,,,,,
310,70892,620,0.012181708592770584,0.5,0.5,,,,,,,,,
311,71118,622,0.019165771161092023,0.0,0.0,,,,,,,,,
312,71360,624,0.01609442119061843,0.5,0.5,,,,,,,,,
313,71570,626,0.01975331287693105,0.0,0.0,0.01840293034268733,0.5,0.5,,,,,,
314,71796,628,0.018914645294214407,0.5,0.5,,,,,,,,,
315,72006,630,0.013257947120886234,0.0,0.0,,,,,,,,,
316,72248,632,0.017053843471840056,0.5,0.5,,,,,,,,,
317,72474,634,0.013976359407921935,0.5,0.5,,,,,,,,,
318,72684,636,0.017088508782778185,0.5,0.5,,,,,,,,,
319,72926,638,0.015101985715390108,0.5,0.5,,,,,,,,,
320,73152,640,0.014795191788912115,0.5,0.5,,,,,,,,,
321,73394,642,0.013827967250106658,1.0,1.0,0.009780898656701651,1.0,1.0,,,,,,
322,73636,644,0.014763506926795778,0.5,0.5,,,,,,,,,
323,73862,646,0.01849148458767031,0.5,0.5,,,,,,,,,
324,74104,648,0.013941441470689835,1.0,1.0,,,,,,,,,
325,74330,650,0.016530410860180304,0.5,0.5,,,,,,,,,
326,74572,652,0.018969844865220797,0.5,0.5,,,,,,,,,
327,74798,654,0.016254224154464116,0.5,0.5,,,,,,,,,
328,75040,656,0.0189921930353363,0.0,0.0,,,,,,,,,
329,75250,658,0.017959674412049657,0.5,0.5,0.010279919815654511,1.0,1.0,,,,,,
330,75476,660,0.016475902501551617,0.5,0.5,,,,,,,,,
331,75718,662,0.0163372100021537,0.5,0.5,,,,,,,,,
332,75944,664,0.01372517564269394,1.0,1.0,,,,,,,,,
333,76186,666,0.01653094631911756,0.5,0.5,,,,,,,,,
334,76412,668,0.018778545000751164,0.0,0.0,,,,,,,,,
335,76654,670,0.01774348287888233,1.0,1.0,,,,,,,,,
336,76896,672,0.01476166844279721,0.0,0.0,,,,,,,,,
337,77122,674,0.01872880492349599,1.0,1.0,0.015885728968237985,0.5,0.5,,,,,,
338,77348,676,0.013103040914473582,0.5,0.5,,,,,,,,,
339,77574,678,0.014593841465081846,0.5,0.5,,,,,,,,,
340,77816,680,0.02204179470767774,0.0,0.0,,,,,,,,,
341,78042,682,0.014104327896203408,0.5,0.5,,,,,,,,,
342,78284,684,0.016648678521224702,0.5,0.5,,,,,,,,,
343,78510,686,0.014388448399829567,0.5,0.5,,,,,,,,,
344,78736,688,0.018554366745626428,0.5,0.5,,,,,,,,,
345,78978,690,0.01338989066582698,0.5,0.5,0.01580421023609491,0.0,0.0,,,,,,
346,79204,692,0.020197001741570846,0.5,0.5,,,,,,,,,
347,79430,694,0.01754830176484449,1.0,1.0,,,,,,,,,
348,79656,696,0.015380966551926738,0.0,0.0,,,,,,,,,
349,79914,698,0.014598548384084037,0.5,0.5,,,,,,,,,
350,80140,700,0.014021487294656404,0.5,0.5,,,,,,,,,
351,80382,702,0.013819771189901797,0.0,0.0,,,,,,,,,
352,80624,704,0.01595102206822634,0.5,0.5,,,,,,,,,
353,80850,706,0.016065208539553295,0.0,0.0,0.01645031084869123,1.0,1.0,,,,,,
354,81092,708,0.015491969396028942,1.0,1.0,,,,,,,,,
355,81334,710,0.01520343852096633,0.0,0.0,,,,,,,,,
356,81560,712,0.018769031531727133,0.0,0.0,,,,,,,,,
357,81786,714,0.016135076153270388,0.0,0.0,,,,,,,,,
358,82012,716,0.0175532729352297,0.5,0.5,,,,,,,,,
359,82238,718,0.017685259912542065,0.0,0.0,,,,,,,,,
360,82480,720,0.01576054592198736,0.0,0.0,,,,,,,,,
361,82722,722,0.0202842741078113,0.5,0.5,0.013616398078256849,0.5,0.5,,,,,,
362,82932,724,0.016294805169661766,0.0,0.0,,,,,,,,,
363,83190,726,0.013308161951741088,1.0,1.0,,,,,,,,,
364,83416,728,0.01677423758535504,0.5,0.5,,,,,,,,,
365,83642,730,0.018716054806584254,0.5,0.5,,,,,,,,,
366,83884,732,0.010684894418426372,1.0,1.0,,,,,,,,,
367,84110,734,0.012953722665293307,1.0,1.0,,,,,,,,,
368,84336,736,0.020085413643897727,0.0,0.0,,,,,,,,,
369,84562,738,0.015605583473439124,0.5,0.5,0.014321787543785065,0.5,0.5,,,,,,
370,84756,740,0.01631883234492316,0.0,0.0,,,,,,,,,
371,84998,742,0.017273382540552863,0.0,0.0,,,,,,,,,
372,85240,744,0.017346709656588355,0.5,0.5,,,,,,,,,
373,85466,746,0.018950646555008676,0.5,0.5,,,,,,,,,
374,85692,748,0.01853303631392723,0.0,0.0,,,,,,,,,
375,85918,750,0.01632673040196157,0.0,0.0,,,,,,,,,
376,86144,752,0.012224461798908773,0.5,0.5,,,,,,,,,
377,86370,754,0.017143376839651645,1.0,1.0,0.01930887291547172,0.5,0.5,,,,,,
378,86596,756,0.014420956032815667,0.5,0.5,,,,,,,,,
379,86838,758,0.013479065332523832,0.5,0.5,,,,,,,,,
380,87080,760,0.013158241985986823,1.0,1.0,,,,,,,,,
381,87306,762,0.012157088434814261,0.0,0.0,,,,,,,,,
382,87532,764,0.015743021596855006,1.0,1.0,,,,,,,,,
383,87758,766,0.015833336407125382,1.0,1.0,,,,,,,,,
384,88000,768,0.01560464141014369,0.5,0.5,,,,,,,,,
385,88226,770,0.024593926226593257,0.0,0.0,0.015918703609478085,0.5,0.5,,,,,,
386,88452,772,0.016903172542713642,0.5,0.5,,,,,,,,,
387,88678,774,0.017672733061968454,0.5,0.5,,,,,,,,,
388,88920,776,0.0196596639810347,0.0,0.0,,,,,,,,,
389,89146,778,0.013917280215608712,1.0,1.0,,,,,,,,,
390,89372,780,0.019301208047891823,0.0,0.0,,,,,,,,,
391,89598,782,0.014620611621348823,0.0,0.0,,,,,,,,,
392,89824,784,0.0166154773558414,0.5,0.5,,,,,,,,,
393,90050,786,0.016340678661048175,0.5,0.5,0.015541298516120692,1.0,1.0,,,,,,
394,90292,788,0.01660323083133068,1.0,1.0,,,,,,,,,
395,90518,790,0.0174385298399927,0.0,0.0,,,,,,,,,
396,90744,792,0.017747638395520234,0.5,0.5,,,,,,,,,
397,90970,794,0.016909042842870484,0.5,0.5,,,,,,,,,
398,91212,796,0.019413934738534644,0.0,0.0,,,,,,,,,
399,91422,798,0.018946365367404003,1.0,1.0,,,,,,,,,
400,91648,800,0.016326216242556545,0.5,0.5,,,,,,,,,
401,91874,802,0.01919709438486438,0.0,0.0,0.01457409102917931,1.0,1.0,,,,,,
402,92100,804,0.021483404094637375,0.0,0.0,,,,,,,,,
403,92342,806,0.013004264747958409,1.0,1.0,,,,,,,,,
404,92568,808,0.018710945245580035,1.0,1.0,,,,,,,,,
405,92810,810,0.015310291906282827,0.5,0.5,,,,,,,,,
406,93036,812,0.01560443494421031,0.5,0.5,,,,,,,,,
407,93246,814,0.014154436815865359,1.0,1.0,,,,,,,,,
408,93456,816,0.018594521983047594,0.0,0.0,,,,,,,,,
409,93682,818,0.016374391517025823,0.5,0.5,0.020032120372500375,0.0,0.0,,,,,,
410,93908,820,0.01787716136989549,0.5,0.5,,,,,,,,,
411,94134,822,0.0143399401895457,1.0,1.0,,,,,,,,,
412,94360,824,0.013865765072260396,0.5,0.5,,,,,,,,,
413,94586,826,0.01834495975059977,0.5,0.5,,,,,,,,,
414,94812,828,0.013064083979434064,0.5,0.5,,,,,,,,,
415,95054,830,0.014701552396182243,0.5,0.5,,,,,,,,,
416,95280,832,0.01237657335474702,1.0,1.0,,,,,,,,,
417,95490,834,0.021378979180809207,1.0,1.0,0.016072487801957514,0.5,0.5,,,,,,
418,95716,836,0.015638505814031457,0.5,0.5,,,,,,,,,
419,95942,838,0.019557077339830253,0.0,0.0,,,,,,,,,
420,96168,840,0.016381229199114743,0.5,0.5,,,,,,,,,
421,96378,842,0.020888159455281725,0.0,0.0,,,,,,,,,
422,96620,844,0.017487161647824313,0.5,0.5,,,,,,,,,
423,96846,846,0.017736148100381814,1.0,1.0,,,,,,,,,
424,97088,848,0.014032414519157665,0.5,0.5,,,,,,,,,
425,97330,850,0.013948255625021583,1.0,1.0,0.014800557290154217,0.5,0.5,,,,,,
426,97556,852,0.01889501037384189,0.0,0.0,,,,,,,,,
427,97782,854,0.01776204756282252,0.0,0.0,,,,,,,,,
428,98008,856,0.01977221676803533,0.5,0.5,,,,,,,,,
429,98234,858,0.014438192407461211,0.0,0.0,,,,,,,,,
430,98476,860,0.015247748549637048,0.0,0.0,,,,,,,,,
431,98702,862,0.016626878681439725,0.5,0.5,,,,,,,,,
432,98928,864,0.016498441853529163,0.0,0.0,,,,,,,,,
433,99154,866,0.015923024521680134,0.5,0.5,0.014558162302763439,0.0,0.0,,,,,,
434,99380,868,0.017990589027561572,0.0,0.0,,,,,,,,,
435,99542,870,0.01571835342019135,0.5,0.5,,,,,,,,,
436,99752,872,0.019362319490165217,1.0,1.0,,,,,,,,,
437,99978,874,0.016971668516454975,0.5,0.5,,,,,,,,,
438,100204,876,0.0176826001803724,0.5,0.5,,,,,,,,,
439,100430,878,0.017411147035802266,1.0,1.0,,,,,,,,,
440,100672,880,0.015854642062714246,0.5,0.5,,,,,,,,,
441,100882,882,0.016022399202545425,0.5,0.5,0.01851210841519846,0.5,0.5,,,,,,
442,101124,884,0.016967457603778362,0.5,0.5,,,,,,,,,
443,101350,886,0.015429744275067186,0.5,0.5,,,,,,,,,
444,101592,888,0.019467277023175543,0.5,0.5,,,,,,,,,
445,101818,890,0.016243467123760052,1.0,1.0,,,,,,,,,
446,102060,892,0.01412197681289313,0.0,0.0,,,,,,,,,
447,102302,894,0.019211342997802625,0.0,0.0,,,,,,,,,
448,102528,896,0.015144400788972515,1.0,1.0,,,,,,,,,
449,102754,898,0.022252383912607022,0.0,0.0,0.015010950277947537,0.5,0.5,,,,,,
450,102980,900,0.015187622391325983,1.0,1.0,,,,,,,,,
451,103222,902,0.01837357352672619,0.0,0.0,,,,,,,,,
452,103448,904,0.01954306414808133,0.0,0.0,,,,,,,,,
453,103690,906,0.016841491779987387,1.0,1.0,,,,,,,,,
454,103916,908,0.016730199824755373,0.5,0.5,,,,,,,,,
455,104142,910,0.017380846505128167,1.0,1.0,,,,,,,,,
456,104384,912,0.018327323731739124,0.0,0.0,,,,,,,,,
457,104626,914,0.017711317034970413,0.5,0.5,0.017942663090261463,0.0,0.0,,,,,,
458,104852,916,0.019966769616738746,1.0,1.0,,,,,,,,,
459,105078,918,0.012538667760441487,1.0,1.0,,,,,,,,,
460,105304,920,0.015758595704773126,1.0,1.0,,,,,,,,,
461,105530,922,0.016308838791180776,0.5,0.5,,,,,,,,,
462,105756,924,0.014491794008261786,1.0,1.0,,,,,,,,,
463,105998,926,0.014438767039275536,1.0,1.0,,,,,,,,,
464,106240,928,0.01629924084350073,1.0,1.0,,,,,,,,,
465,106466,930,0.018528805188746975,0.5,0.5,0.017769406403121822,0.5,0.5,,,,,,
466,106708,932,0.01655323329134336,0.5,0.5,,,,,,,,,
467,106934,934,0.01924545108496085,0.5,0.5,,,,,,,,,
468,107160,936,0.023299473233309657,0.0,0.0,,,,,,,,,
469,107386,938,0.021315089601641506,0.0,0.0,,,,,,,,,
470,107612,940,0.02425833606076865,0.0,0.0,,,,,,,,,
471,107854,942,0.01577563686777395,0.5,0.5,,,,,,,,,
472,108096,944,0.01612020986735387,0.5,0.5,,,,,,,,,
473,108338,946,0.01492215004054556,0.0,0.0,0.0172698020944675,0.5,0.5,,,,,,
474,108580,948,0.018966249939951142,0.5,0.5,,,,,,,,,
475,108806,950,0.016479664975818615,0.5,0.5,,,,,,,,,
476,109032,952,0.01543307545588296,0.5,0.5,,,,,,,,,
477,109274,954,0.01580319300612783,0.5,0.5,,,,,,,,,
478,109516,956,0.013098132610631556,0.5,0.5,,,,,,,,,
479,109758,958,0.013632728581509324,0.0,0.0,,,,,,,,,
480,110016,960,0.01475860899691251,1.0,1.0,,,,,,,,,
481,110258,962,0.019556678083458047,0.0,0.0,0.016417375968977053,1.0,1.0,,,,,,
482,110484,964,0.01275057678216167,0.5,0.5,,,,,,,,,
483,110726,966,0.015194866775356293,1.0,1.0,,,,,,,,,
484,110968,968,0.015181698006961024,0.5,0.5,,,,,,,,,
485,111210,970,0.015791403811220815,0.0,0.0,,,,,,,,,
486,111436,972,0.016834944125907175,0.5,0.5,,,,,,,,,
487,111678,974,0.01984104727350721,0.0,0.0,,,,,,,,,
488,111920,976,0.014663122928341177,0.5,0.5,,,,,,,,,
489,112146,978,0.01566171663586569,0.5,0.5,0.014875335763132665,0.5,0.5,,,,,,
490,112356,980,0.019384711019095335,0.5,0.5,,,,,,,,,
491,112582,982,0.014452553374891307,0.0,0.0,,,,,,,,,
492,112808,984,0.015427483442800705,0.0,0.0,,,,,,,,,
493,113050,986,0.017818363064779283,0.5,0.5,,,,,,,,,
494,113292,988,0.017105300837846442,1.0,1.0,,,,,,,,,
495,113518,990,0.01747192253388932,0.5,0.5,,,,,,,,,
496,113744,992,0.01595177552585323,0.0,0.0,,,,,,,,,
497,113954,994,0.021041928049141127,1.0,1.0,0.012357511514529927,0.5,0.5,,,,,,
498,114180,996,0.020821751981695176,0.0,0.0,,,,,,,,,
499,114406,998,0.016087520150339818,1.0,1.0,,,,,,,,,
500,114648,1000,0.013714913067657923,0.0,0.0,,,,,,,,,
501,114874,1002,0.014567957384144585,0.5,0.5,,,,,,,,,
502,115100,1004,0.020213456542792062,0.5,0.5,,,,0.5239999890327454,0.0,0.0,0.5195971518378344,0.4827498453033826,0.0
503,115326,1006,0.020748280992045145,0.5,0.5,,,,,,,,,
504,115568,1008,0.014625024116730225,1.0,1.0,,,,,,,,,
505,115778,1010,0.021177933147174362,0.5,0.5,0.019349081878162647,0.5,0.5,,,,,,
506,116020,1012,0.012937653469432228,1.0,1.0,,,,,,,,,
507,116262,1014,0.014382984562535759,0.5,0.5,,,,,,,,,
508,116504,1016,0.017866345440243445,0.5,0.5,,,,,,,,,
509,116714,1018,0.021161014538522753,0.0,0.0,,,,,,,,,
510,116956,1020,0.01455680721746208,0.5,0.5,,,,,,,,,
511,117198,1022,0.011366873585112524,1.0,1.0,,,,,,,,,
512,117424,1024,0.015463444782668607,0.0,0.0,,,,,,,,,
513,117650,1026,0.01503408462659831,0.0,0.0,0.012821048084054331,0.5,0.5,,,,,,
514,117876,1028,0.019408755553760176,0.0,0.0,,,,,,,,,
515,118086,1030,0.01686439874108112,1.0,1.0,,,,,,,,,
516,118312,1032,0.015044475547864014,0.5,0.5,,,,,,,,,
517,118538,1034,0.01887796146594293,0.0,0.0,,,,,,,,,
518,118764,1036,0.017642660205909686,0.5,0.5,,,,,,,,,
519,119006,1038,0.01412368948669767,0.0,0.0,,,,,,,,,
520,119232,1040,0.01564019380345375,1.0,1.0,,,,,,,,,
521,119474,1042,0.01808647205504058,1.0,1.0,0.014498204779630946,0.5,0.5,,,,,,
522,119700,1044,0.01975622052692552,0.0,0.0,,,,,,,,,
523,119942,1046,0.014502348801734427,1.0,1.0,,,,,,,,,
524,120168,1048,0.012949790038257105,0.5,0.5,,,,,,,,,
525,120394,1050,0.01650064567088021,0.5,0.5,,,,,,,,,
526,120620,1052,0.013870250693031456,1.0,1.0,,,,,,,,,
527,120846,1054,0.014428486202417615,0.5,0.5,,,,,,,,,
528,121088,1056,0.0163199069063232,0.0,0.0,,,,,,,,,
529,121314,1058,0.014473014736016135,0.0,0.0,0.012338815723655831,0.5,0.5,,,,,,
530,121556,1060,0.016030368004817705,0.5,0.5,,,,,,,,,
531,121782,1062,0.016012490231716303,0.5,0.5,,,,,,,,,
532,121992,1064,0.01371771185310271,1.0,1.0,,,,,,,,,
533,122234,1066,0.014914487649068282,0.5,0.5,,,,,,,,,
534,122476,1068,0.01256460365910461,0.0,0.0,,,,,,,,,
535,122718,1070,0.015698126758919198,0.5,0.5,,,,,,,,,
536,122976,1072,0.013249526164697297,1.0,1.0,,,,,,,,,
537,123218,1074,0.010424072272206519,1.0,1.0,0.017314358236249366,0.5,0.5,,,,,,
538,123444,1076,0.015177876638789922,0.5,0.5,,,,,,,,,
539,123670,1078,0.012471662704851656,0.5,0.5,,,,,,,,,
540,123912,1080,0.015572378949187112,0.5,0.5,,,,,,,,,
541,124154,1082,0.015074016161731011,0.0,0.0,,,,,,,,,
542,124380,1084,0.013715415847886145,0.5,0.5,,,,,,,,,
543,124622,1086,0.01877397994125034,0.0,0.0,,,,,,,,,
544,124864,1088,0.01419681137177909,0.0,0.0,,,,,,,,,
545,125090,1090,0.017499929844149643,0.5,0.5,0.01983020598886891,1.0,1.0,,,,,,
546,125316,1092,0.015619384214892479,0.5,0.5,,,,,,,,,
547,125526,1094,0.01569528498710959,0.0,0.0,,,,,,,,,
548,125736,1096,0.020506077098363776,0.0,0.0,,,,,,,,,
549,125962,1098,0.015032707716062188,0.5,0.5,,,,,,,,,
550,126188,1100,0.013981500720457023,0.5,0.5,,,,,,,,,
551,126414,1102,0.015162914553449536,0.5,0.5,,,,,,,,,
552,126640,1104,0.015175306204741569,0.0,0.0,,,,,,,,,
553,126866,1106,0.017845195663611754,0.5,0.5,0.016798394643310646,0.5,0.5,,,,,,
554,127092,1108,0.014344264340714381,1.0,1.0,,,,,,,,,
555,127286,1110,0.01260650826613204,0.0,0.0,,,,,,,,,
556,127464,1112,0.012867460624203486,0.5,0.5,,,,,,,,,
557,127706,1114,0.018542508269483494,0.5,0.5,,,,,,,,,
558,127948,1116,0.01727425337532693,1.0,1.0,,,,,,,,,
559,128190,1118,0.016330701713871812,0.5,0.5,,,,,,,,,
560,128432,1120,0.016063641675715865,0.5,0.5,,,,,,,,,
561,128658,1122,0.02008771508778825,0.5,0.5,0.015482402777239982,1.0,1.0,,,,,,
562,128900,1124,0.012901419895370256,0.5,0.5,,,,,,,,,
563,129142,1126,0.016100531068613373,0.5,0.5,,,,,,,,,
564,129368,1128,0.0152401354785868,0.5,0.5,,,,,,,,,
565,129594,1130,0.017696134686402628,0.5,0.5,,,,,,,,,
566,129820,1132,0.016865644509072252,0.5,0.5,,,,,,,,,
567,130046,1134,0.014187719159036879,0.5,0.5,,,,,,,,,
568,130272,1136,0.01697714174254988,0.5,0.5,,,,,,,,,
569,130498,1138,0.01873600145369683,0.0,0.0,0.014342307439477215,0.5,0.5,,,,,,
570,130692,1140,0.013630594761549533,0.0,0.0,,,,,,,,,
571,130918,1142,0.014933791810110742,0.0,0.0,,,,,,,,,
572,131144,1144,0.01562121700638103,1.0,1.0,,,,,,,,,
573,131386,1146,0.014571288436514599,0.5,0.5,,,,,,,,,
574,131612,1148,0.01564107888469116,0.0,0.0,,,,,,,,,
575,131838,1150,0.018393168397002373,0.0,0.0,,,,,,,,,
576,132064,1152,0.017528588252894883,0.5,0.5,,,,,,,,,
577,132290,1154,0.014127225014945373,0.5,0.5,0.01704579354885652,0.0,0.0,,,,,,
578,132532,1156,0.013599198365876227,0.5,0.5,,,,,,,,,
579,132774,1158,0.01622641592951495,1.0,1.0,,,,,,,,,
580,133000,1160,0.016011655102119406,0.5,0.5,,,,,,,,,
581,133226,1162,0.015886938217318423,0.5,0.5,,,,,,,,,
582,133468,1164,0.013681897521745368,0.5,0.5,,,,,,,,,
583,133694,1166,0.01242203401308598,1.0,1.0,,,,,,,,,
584,133904,1168,0.01788644417313629,0.0,0.0,,,,,,,,,
585,134162,1170,0.01312585222501787,1.0,1.0,0.0181865614611519,0.5,0.5,,,,,,
586,134372,1172,0.017669071682820444,0.5,0.5,,,,,,,,,
587,134598,1174,0.018505303759217433,0.0,0.0,,,,,,,,,
588,134824,1176,0.015407032034658806,0.5,0.5,,,,,,,,,
589,135050,1178,0.017824077201702742,0.0,0.0,,,,,,,,,
590,135292,1180,0.016483558747154896,0.0,0.0,,,,,,,,,
591,135502,1182,0.01592307857543583,0.0,0.0,,,,,,,,,
592,135712,1184,0.019065098612838918,0.5,0.5,,,,,,,,,
593,135938,1186,0.015787422645763684,0.5,0.5,0.014960253839493464,0.5,0.5,,,,,,
594,136164,1188,0.016468728736086728,1.0,1.0,,,,,,,,,
595,136390,1190,0.01715367527583705,0.5,0.5,,,,,,,,,
596,136616,1192,0.0187272312490678,0.5,0.5,,,,,,,,,
597,136842,1194,0.018855410706519273,0.5,0.5,,,,,,,,,
598,137068,1196,0.01795727192292725,0.5,0.5,,,,,,,,,
599,137278,1198,0.012478709200075952,1.0,1.0,,,,,,,,,
600,137536,1200,0.017132348667071143,0.0,0.0,,,,,,,,,
601,137762,1202,0.016769856234116455,1.0,1.0,0.015313366597788917,1.0,1.0,,,,,,
602,138004,1204,0.015057793041035685,0.5,0.5,,,,,,,,,
603,138246,1206,0.014179379744092165,1.0,1.0,,,,,,,,,
604,138488,1208,0.015488067193713298,0.5,0.5,,,,,,,,,
605,138714,1210,0.014350444586508452,1.0,1.0,,,,,,,,,
606,138972,1212,0.01166504964358334,1.0,1.0,,,,,,,,,
607,139198,1214,0.016170723702455647,0.0,0.0,,,,,,,,,
608,139440,1216,0.014120395183546582,0.5,0.5,,,,,,,,,
609,139682,1218,0.0143430518139162,1.0,1.0,0.013585270271713825,0.5,0.5,,,,,,
610,139908,1220,0.018161990962085293,1.0,1.0,,,,,,,,,
611,140134,1222,0.011744504332538914,1.0,1.0,,,,,,,,,
612,140360,1224,0.01478504965608854,0.5,0.5,,,,,,,,,
613,140602,1226,0.020285247021599503,0.0,0.0,,,,,,,,,
614,140844,1228,0.012740936537197075,0.5,0.5,,,,,,,,,
615,141070,1230,0.015550886449730225,0.5,0.5,,,,,,,,,
616,141312,1232,0.013398345174678408,1.0,1.0,,,,,,,,,
617,141506,1234,0.014657296766957234,0.5,0.5,0.021944387002622828,0.0,0.0,,,,,,
618,141732,1236,0.012518679575266358,1.0,1.0,,,,,,,,,
619,141942,1238,0.01583856525041347,0.5,0.5,,,,,,,,,
620,142184,1240,0.01614765755716074,1.0,1.0,,,,,,,,,
621,142410,1242,0.016561765624538385,0.5,0.5,,,,,,,,,
622,142636,1244,0.02139451981113625,0.0,0.0,,,,,,,,,
623,142846,1246,0.01496934617770063,0.5,0.5,,,,,,,,,
624,143072,1248,0.017192982360457625,0.5,0.5,,,,,,,,,
625,143298,1250,0.019980633263937918,0.5,0.5,0.01769839996572285,0.5,0.5,,,,,,
626,143524,1252,0.015005807663735448,1.0,1.0,,,,,,,,,
627,143766,1254,0.01681743078889403,0.5,0.5,,,,,,,,,
628,143992,1256,0.01650678690956175,0.0,0.0,,,,,,,,,
629,144218,1258,0.017442627095659358,1.0,1.0,,,,,,,,,
630,144428,1260,0.016261673403128396,0.5,0.5,,,,,,,,,
631,144670,1262,0.013877765636328946,0.5,0.5,,,,,,,,,
632,144896,1264,0.016017192355027063,0.5,0.5,,,,,,,,,
633,145138,1266,0.01319522047923504,0.5,0.5,0.013313552138420693,1.0,1.0,,,,,,
634,145380,1268,0.016699084646956693,0.0,0.0,,,,,,,,,
635,145606,1270,0.0186655995763699,0.5,0.5,,,,,,,,,
636,145816,1272,0.013564179608151565,1.0,1.0,,,,,,,,,
637,146058,1274,0.012724388462687513,0.5,0.5,,,,,,,,,
638,146284,1276,0.0168286751339693,1.0,1.0,,,,,,,,,
639,146494,1278,0.01613426150729943,1.0,1.0,,,,,,,,,
640,146720,1280,0.013497105487311421,1.0,1.0,,,,,,,,,
641,146946,1282,0.015534939646820484,0.0,0.0,0.014501267750539063,0.0,0.0,,,,,,
642,147188,1284,0.014993622527516754,0.5,0.5,,,,,,,,,
643,147398,1286,0.012400402247050062,0.5,0.5,,,,,,,,,
644,147640,1288,0.017714764644832126,0.0,0.0,,,,,,,,,
645,147850,1290,0.016414904235803073,0.0,0.0,,,,,,,,,
646,148092,1292,0.012111073550332802,1.0,1.0,,,,,,,,,
647,148334,1294,0.014493388502648755,1.0,1.0,,,,,,,,,
648,148576,1296,0.012082092235659477,1.0,1.0,,,,,,,,,
649,148786,1298,0.015739418587208717,0.5,0.5,0.01988178428994478,0.5,0.5,,,,,,
650,148980,1300,0.012928319995941096,0.5,0.5,,,,,,,,,
651,149222,1302,0.015152956236796081,0.5,0.5,,,,,,,,,
652,149464,1304,0.015731386098758692,0.0,0.0,,,,,,,,,
653,149690,1306,0.013205104805114646,0.5,0.5,,,,,,,,,
654,149916,1308,0.017128532663910824,0.0,0.0,,,,,,,,,
655,150158,1310,0.01150881891895012,1.0,1.0,,,,,,,,,
656,150400,1312,0.016711909022408582,0.5,0.5,,,,,,,,,
657,150610,1314,0.017417742183066805,0.0,0.0,0.015233677337569262,0.5,0.5,,,,,,
658,150836,1316,0.01827835188047954,0.5,0.5,,,,,,,,,
659,151062,1318,0.01433191018992318,1.0,1.0,,,,,,,,,
660,151288,1320,0.016646450262912827,0.5,0.5,,,,,,,,,
661,151514,1322,0.015013719138032637,0.0,0.0,,,,,,,,,
662,151756,1324,0.012117896412634442,0.0,0.0,,,,,,,,,
663,151982,1326,0.01645780210020061,0.5,0.5,,,,,,,,,
664,152208,1328,0.010790433446652753,1.0,1.0,,,,,,,,,
665,152434,1330,0.016288423864531356,0.0,0.0,0.017582160245595533,0.5,0.5,,,,,,
666,152644,1332,0.017984756114591324,1.0,1.0,,,,,,,,,
667,152886,1334,0.015774882076634644,0.5,0.5,,,,,,,,,
668,153112,1336,0.015970805537175104,1.0,1.0,,,,,,,,,
669,153354,1338,0.01747576680523381,0.0,0.0,,,,,,,,,
670,153580,1340,0.013698411967219163,0.5,0.5,,,,,,,,,
671,153806,1342,0.017948219257296893,0.5,0.5,,,,,,,,,
672,154032,1344,0.019461278905656736,1.0,1.0,,,,,,,,,
673,154258,1346,0.01936491680985374,0.5,0.5,0.01789264473061974,0.0,0.0,,,,,,
674,154500,1348,0.014946794912039279,0.5,0.5,,,,,,,,,
675,154742,1350,0.016294843866158853,1.0,1.0,,,,,,,,,
676,154968,1352,0.012897975790263578,0.0,0.0,,,,,,,,,
677,155194,1354,0.01602925162700614,0.5,0.5,,,,,,,,,
678,155436,1356,0.015170452932628328,0.5,0.5,,,,,,,,,
679,155662,1358,0.011633361429282089,0.5,0.5,,,,,,,,,
680,155888,1360,0.017241496554226705,0.5,0.5,,,,,,,,,
681,156130,1362,0.015913188397680803,1.0,1.0,0.012154163236305873,1.0,1.0,,,,,,
682,156356,1364,0.012266269291937557,0.0,0.0,,,,,,,,,
683,156598,1366,0.014477413973733585,0.5,0.5,,,,,,,,,
684,156840,1368,0.0190459832478208,0.0,0.0,,,,,,,,,
685,157050,1370,0.011871188962649338,1.0,1.0,,,,,,,,,
686,157292,1372,0.018264941113397198,0.5,0.5,,,,,,,,,
687,157518,1374,0.011281221376929966,0.0,0.0,,,,,,,,,
688,157744,1376,0.014724625767634848,0.5,0.5,,,,,,,,,
689,157986,1378,0.012193987085603885,0.0,0.0,0.018868335772383567,1.0,1.0,,,,,,
690,158228,1380,0.01900790428093427,0.5,0.5,,,,,,,,,
691,158438,1382,0.015377063502404087,0.5,0.5,,,,,,,,,
692,158664,1384,0.015771436935939,1.0,1.0,,,,,,,,,
693,158890,1386,0.012283678181924218,1.0,1.0,,,,,,,,,
694,159100,1388,0.021153404335336974,0.0,0.0,,,,,,,,,
695,159358,1390,0.013044503716578431,1.0,1.0,,,,,,,,,
696,159600,1392,0.01406358173508576,0.5,0.5,,,,,,,,,
697,159826,1394,0.015427487218533913,0.5,0.5,0.019285922091092585,1.0,1.0,,,,,,
698,160052,1396,0.014735603832261262,0.5,0.5,,,,,,,,,
699,160294,1398,0.014618294591587585,0.5,0.5,,,,,,,,,
700,160504,1400,0.018110625857036097,1.0,1.0,,,,,,,,,
701,160746,1402,0.016169700267458197,0.5,0.5,,,,,,,,,
702,160972,1404,0.017029063985516575,1.0,1.0,,,,,,,,,
703,161214,1406,0.014192690290534911,0.5,0.5,,,,,,,,,
704,161456,1408,0.017876536189379143,0.5,0.5,,,,,,,,,
705,161682,1410,0.015458390426522342,0.5,0.5,0.015939974003218574,0.5,0.5,,,,,,
706,161940,1412,0.01472983898812626,0.5,0.5,,,,,,,,,
707,162182,1414,0.012137621767462048,1.0,1.0,,,,,,,,,
708,162424,1416,0.015681468156481932,0.5,0.5,,,,,,,,,
709,162666,1418,0.013012853864439407,0.5,0.5,,,,,,,,,
710,162892,1420,0.014712757729106815,1.0,1.0,,,,,,,,,
711,163118,1422,0.014843598677447358,0.5,0.5,,,,,,,,,
712,163344,1424,0.012793015996097683,0.5,0.5,,,,,,,,,
713,163554,1426,0.014914174619100013,0.0,0.0,0.013580445100249024,0.5,0.5,,,,,,
714,163796,1428,0.014906334208641877,0.5,0.5,,,,,,,,,
715,164038,1430,0.015971600194798763,0.5,0.5,,,,,,,,,
716,164280,1432,0.013526534917933914,0.5,0.5,,,,,,,,,
717,164506,1434,0.013191393329297394,0.5,0.5,,,,,,,,,
718,164748,1436,0.017262266357146602,0.0,0.0,,,,,,,,,
719,164974,1438,0.01363772270867967,0.5,0.5,,,,,,,,,
720,165216,1440,0.012236010362845103,1.0,1.0,,,,,,,,,
721,165442,1442,0.015841830986526285,1.0,1.0,0.017488728914061714,0.5,0.5,,,,,,
722,165684,1444,0.016588305776704188,0.0,0.0,,,,,,,,,
723,165910,1446,0.01773004394080608,0.5,0.5,,,,,,,,,
724,166136,1448,0.014628856979949858,0.5,0.5,,,,,,,,,
725,166362,1450,0.014853687188391184,1.0,1.0,,,,,,,,,
726,166572,1452,0.018795966672210403,1.0,1.0,,,,,,,,,
727,166798,1454,0.01655600538807859,0.0,0.0,,,,,,,,,
728,167024,1456,0.012859327978867987,1.0,1.0,,,,,,,,,
729,167250,1458,0.018040499794022096,0.5,0.5,0.01574922206901462,1.0,1.0,,,,,,
730,167492,1460,0.0159741014644133,0.5,0.5,,,,,,,,,
731,167718,1462,0.01596656013202546,1.0,1.0,,,,,,,,,
732,167944,1464,0.015972167721117224,0.5,0.5,,,,,,,,,
733,168154,1466,0.01873449310614781,0.5,0.5,,,,,,,,,
734,168380,1468,0.01880912395555041,0.0,0.0,,,,,,,,,
735,168622,1470,0.015973265646078115,0.5,0.5,,,,,,,,,
736,168848,1472,0.01205095392080335,0.5,0.5,,,,,,,,,
737,169074,1474,0.019400094891309155,0.5,0.5,0.01669857878195553,1.0,1.0,,,,,,
738,169300,1476,0.01924202228241242,0.5,0.5,,,,,,,,,
739,169526,1478,0.015049621388602007,0.5,0.5,,,,,,,,,
740,169768,1480,0.013834186640572572,0.5,0.5,,,,,,,,,
741,170010,1482,0.01882615859510856,0.5,0.5,,,,,,,,,
742,170252,1484,0.014570532113675554,0.5,0.5,,,,,,,,,
743,170494,1486,0.016426854965218087,0.0,0.0,,,,,,,,,
744,170736,1488,0.013064212574408348,0.0,0.0,,,,,,,,,
745,170930,1490,0.013816417947728218,0.5,0.5,0.014901622603404618,0.5,0.5,,,,,,
746,171156,1492,0.01229909076000697,0.5,0.5,,,,,,,,,
747,171382,1494,0.01633323721102744,0.0,0.0,,,,,,,,,
748,171544,1496,0.01376246223368086,1.0,1.0,,,,,,,,,
749,171786,1498,0.015486994115808972,0.5,0.5,,,,,,,,,
750,172028,1500,0.015735536140796348,0.5,0.5,,,,,,,,,
751,172270,1502,0.013658943724769954,0.5,0.5,,,,,,,,,
752,172512,1504,0.015270510007484518,0.0,0.0,,,,,,,,,
753,172754,1506,0.017622686498765035,0.0,0.0,0.0144831106738298,1.0,1.0,,,,,,
754,172980,1508,0.017368424947720524,0.0,0.0,,,,,,,,,
755,173222,1510,0.014094506164118049,1.0,1.0,,,,,,,,,
756,173448,1512,0.016938430625074774,0.0,0.0,,,,,,,,,
757,173674,1514,0.016636532026373062,0.0,0.0,,,,,,,,,
758,173932,1516,0.010952408043447742,0.5,0.5,,,,,,,,,
759,174174,1518,0.016964284671915,1.0,1.0,,,,,,,,,
760,174416,1520,0.012731941237049748,1.0,1.0,,,,,,,,,
761,174642,1522,0.015256021766263698,1.0,1.0,0.0160701652967755,1.0,1.0,,,,,,
762,174884,1524,0.01460621328220975,1.0,1.0,,,,,,,,,
763,175126,1526,0.016688046763130324,0.5,0.5,,,,,,,,,
764,175368,1528,0.011654875378066221,1.0,1.0,,,,,,,,,
765,175610,1530,0.01353955013960754,1.0,1.0,,,,,,,,,
766,175836,1532,0.016357289885600416,1.0,1.0,,,,,,,,,
767,176078,1534,0.01447064700551372,0.5,0.5,,,,,,,,,
768,176304,1536,0.015893299591570705,0.0,0.0,,,,,,,,,
769,176530,1538,0.01742039049073229,1.0,1.0,0.01718192042911626,1.0,1.0,,,,,,
770,176756,1540,0.011663714679249152,1.0,1.0,,,,,,,,,
771,176982,1542,0.012519753975805197,0.5,0.5,,,,,,,,,
772,177208,1544,0.017329875737405288,0.0,0.0,,,,,,,,,
773,177450,1546,0.014999052111803366,1.0,1.0,,,,,,,,,
774,177692,1548,0.016701445746754206,0.5,0.5,,,,,,,,,
775,177934,1550,0.013567606409812919,1.0,1.0,,,,,,,,,
776,178160,1552,0.016046950718239545,0.5,0.5,,,,,,,,,
777,178386,1554,0.020048318455688694,0.5,0.5,0.012365545697100714,1.0,1.0,,,,,,
778,178612,1556,0.019114421823057625,0.5,0.5,,,,,,,,,
779,178838,1558,0.018086978044442256,0.0,0.0,,,,,,,,,
780,179064,1560,0.012411816115886487,1.0,1.0,,,,,,,,,
781,179274,1562,0.014811266990029463,0.5,0.5,,,,,,,,,
782,179484,1564,0.012654851628692548,1.0,1.0,,,,,,,,,
783,179726,1566,0.01623711202136784,1.0,1.0,,,,,,,,,
784,179952,1568,0.015357048083020535,1.0,1.0,,,,,,,,,
785,180162,1570,0.016540768898651,0.0,0.0,0.012638000050228462,1.0,1.0,,,,,,
786,180404,1572,0.015458050837826441,1.0,1.0,,,,,,,,,
787,180646,1574,0.013045228316893885,0.5,0.5,,,,,,,,,
788,180856,1576,0.01884758590350918,0.0,0.0,,,,,,,,,
789,181098,1578,0.015434876050755563,0.5,0.5,,,,,,,,,
790,181340,1580,0.01657447183835941,1.0,1.0,,,,,,,,,
791,181550,1582,0.018265466571031723,0.5,0.5,,,,,,,,,
792,181776,1584,0.013083780342698402,0.5,0.5,,,,,,,,,
793,182002,1586,0.01609211157295092,0.5,0.5,0.016622802259065806,0.5,0.5,,,,,,
794,182228,1588,0.015655749228668792,0.5,0.5,,,,,,,,,
795,182486,1590,0.014824992951553017,0.0,0.0,,,,,,,,,
796,182728,1592,0.017546901556066967,0.5,0.5,,,,,,,,,
797,182954,1594,0.012790098038105812,1.0,1.0,,,,,,,,,
798,183180,1596,0.017014688809898346,0.5,0.5,,,,,,,,,
799,183422,1598,0.01503695028880799,0.5,0.5,,,,,,,,,
800,183664,1600,0.015168902722612369,0.0,0.0,,,,,,,,,
801,183890,1602,0.012923226264360174,1.0,1.0,0.0173044615093076,0.5,0.5,,,,,,
802,184132,1604,0.016077083889255623,0.0,0.0,,,,,,,,,
803,184374,1606,0.018234791873820762,0.5,0.5,,,,,,,,,
804,184600,1608,0.01366470483740348,1.0,1.0,,,,,,,,,
805,184826,1610,0.01384071589500276,1.0,1.0,,,,,,,,,
806,185068,1612,0.015380000136086817,0.5,0.5,,,,,,,,,
807,185310,1614,0.0161233545756225,0.5,0.5,,,,,,,,,
808,185552,1616,0.016267570863774096,0.5,0.5,,,,,,,,,
809,185778,1618,0.013486875454428898,1.0,1.0,0.015298108831735862,1.0,1.0,,,,,,
810,186004,1620,0.014853508196904952,1.0,1.0,,,,,,,,,
811,186230,1622,0.017155686507318097,1.0,1.0,,,,,,,,,
812,186472,1624,0.016946993638283774,0.5,0.5,,,,,,,,,
813,186698,1626,0.011770046669318596,1.0,1.0,,,,,,,,,
814,186924,1628,0.016409666179989086,1.0,1.0,,,,,,,,,
815,187150,1630,0.018020412190079698,0.5,0.5,,,,,,,,,
816,187376,1632,0.01963387042573386,0.0,0.0,,,,,,,,,
817,187602,1634,0.01740361130871867,0.0,0.0,0.015196514401195597,0.5,0.5,,,,,,
818,187828,1636,0.01829345758765446,0.0,0.0,,,,,,,,,
819,188054,1638,0.011221641745878785,0.5,0.5,,,,,,,,,
820,188296,1640,0.013617084627077364,0.5,0.5,,,,,,,,,
821,188538,1642,0.014790378884556738,0.5,0.5,,,,,,,,,
822,188748,1644,0.015582034040149807,0.5,0.5,,,,,,,,,
823,188990,1646,0.018216831223011352,0.0,0.0,,,,,,,,,
824,189232,1648,0.016254965691073146,1.0,1.0,,,,,,,,,
825,189474,1650,0.01338497437844024,0.5,0.5,0.015581292773384764,0.5,0.5,,,,,,
826,189700,1652,0.012866847727563384,0.5,0.5,,,,,,,,,
827,189926,1654,0.015919428144320305,0.0,0.0,,,,,,,,,
828,190152,1656,0.015474091105602156,0.5,0.5,,,,,,,,,
829,190378,1658,0.017119485631909688,0.5,0.5,,,,,,,,,
830,190604,1660,0.01444393601336797,1.0,1.0,,,,,,,,,
831,190846,1662,0.01548461655994003,0.0,0.0,,,,,,,,,
832,191056,1664,0.020981285486872208,0.0,0.0,,,,,,,,,
833,191282,1666,0.010423793234804055,1.0,1.0,0.012626987264139805,1.0,1.0,,,,,,
834,191524,1668,0.014098415042032741,0.0,0.0,,,,,,,,,
835,191766,1670,0.015774802643131667,1.0,1.0,,,,,,,,,
836,191992,1672,0.018728762979278554,0.5,0.5,,,,,,,,,
837,192234,1674,0.01535566956202935,0.5,0.5,,,,,,,,,
838,192460,1676,0.019425242136077492,0.0,0.0,,,,,,,,,
839,192686,1678,0.01815084919971618,1.0,1.0,,,,,,,,,
840,192912,1680,0.016177778905944847,0.5,0.5,,,,,,,,,
841,193138,1682,0.01878088563996325,0.5,0.5,0.014270241042876237,0.5,0.5,,,,,,
842,193364,1684,0.01643984386188648,0.5,0.5,,,,,,,,,
843,193590,1686,0.019037151579328167,0.5,0.5,,,,,,,,,
844,193816,1688,0.01602005053125311,0.5,0.5,,,,,,,,,
845,194058,1690,0.01394434375924437,0.0,0.0,,,,,,,,,
846,194300,1692,0.010338993248265671,0.5,0.5,,,,,,,,,
847,194542,1694,0.013222231239058146,0.5,0.5,,,,,,,,,
848,194768,1696,0.017737479481995517,0.5,0.5,,,,,,,,,
849,194994,1698,0.01656682543132306,0.5,0.5,0.018809898369857758,0.0,0.0,,,,,,
850,195220,1700,0.016628770246206324,0.0,0.0,,,,,,,,,
851,195446,1702,0.01379942926566946,0.5,0.5,,,,,,,,,
852,195656,1704,0.0168019412181706,0.5,0.5,,,,,,,,,
853,195866,1706,0.017847515586258928,0.0,0.0,,,,,,,,,
854,196092,1708,0.017997062596844433,0.5,0.5,,,,,,,,,
855,196334,1710,0.014452415544215055,0.5,0.5,,,,,,,,,
856,196576,1712,0.014771638179831688,0.5,0.5,,,,,,,,,
857,196802,1714,0.015283141813715265,1.0,1.0,0.011512565796192645,1.0,1.0,,,,,,
858,197044,1716,0.010243066288562601,1.0,1.0,,,,,,,,,
859,197270,1718,0.013426434690474207,0.5,0.5,,,,,,,,,
860,197496,1720,0.015411434689065775,0.5,0.5,,,,,,,,,
861,197738,1722,0.015417457476680068,0.5,0.5,,,,,,,,,
862,197964,1724,0.01659406828799658,0.5,0.5,,,,,,,,,
863,198206,1726,0.010599764183370735,1.0,1.0,,,,,,,,,
864,198448,1728,0.017222293064845445,0.5,0.5,,,,,,,,,
865,198674,1730,0.014950322882956195,1.0,1.0,0.011512125127302087,0.5,0.5,,,,,,
866,198916,1732,0.014680930060190311,0.5,0.5,,,,,,,,,
867,199126,1734,0.014213373551493507,0.5,0.5,,,,,,,,,
868,199352,1736,0.019995684151480505,0.0,0.0,,,,,,,,,
869,199578,1738,0.01779892707481791,1.0,1.0,,,,,,,,,
870,199804,1740,0.018244986268709268,1.0,1.0,,,,,,,,,
871,200030,1742,0.013414203202481134,1.0,1.0,,,,,,,,,
872,200256,1744,0.014618655504656247,1.0,1.0,,,,,,,,,
873,200482,1746,0.01630486109423043,0.0,0.0,0.015800945177370854,0.5,0.5,,,,,,
874,200692,1748,0.014417186396746013,0.5,0.5,,,,,,,,,
875,200854,1750,0.013126302160756076,1.0,1.0,,,,,,,,,
876,201096,1752,0.013049373110671995,0.5,0.5,,,,,,,,,
877,201322,1754,0.01680881658252645,0.5,0.5,,,,,,,,,
878,201564,1756,0.013808128392170101,0.5,0.5,,,,,,,,,
879,201790,1758,0.01930685858368259,0.0,0.0,,,,,,,,,
880,202032,1760,0.013877207816384733,0.0,0.0,,,,,,,,,
881,202274,1762,0.014311752672312288,0.5,0.5,0.018078051046714276,1.0,1.0,,,,,,
882,202500,1764,0.015672974885146514,0.5,0.5,,,,,,,,,
883,202726,1766,0.012896515580562927,1.0,1.0,,,,,,,,,
884,202952,1768,0.015831033075296257,0.5,0.5,,,,,,,,,
885,203162,1770,0.017363610969425493,0.0,0.0,,,,,,,,,
886,203404,1772,0.013882463583579667,1.0,1.0,,,,,,,,,
887,203630,1774,0.009482871895157617,1.0,1.0,,,,,,,,,
888,203856,1776,0.01624210088172872,0.5,0.5,,,,,,,,,
889,204066,1778,0.015848213852333478,0.0,0.0,0.01545115561799042,0.5,0.5,,,,,,
890,204308,1780,0.012903987764762016,0.5,0.5,,,,,,,,,
891,204470,1782,0.01702078365581373,0.0,0.0,,,,,,,,,
892,204696,1784,0.013102372006806152,1.0,1.0,,,,,,,,,
893,204938,1786,0.01170603467923731,0.0,0.0,,,,,,,,,
894,205180,1788,0.014156492305613727,1.0,1.0,,,,,,,,,
895,205406,1790,0.018318137083671113,0.5,0.5,,,,,,,,,
896,205632,1792,0.014678134349407162,0.5,0.5,,,,,,,,,
897,205874,1794,0.013967503380306334,0.5,0.5,0.01696452284233438,1.0,1.0,,,,,,
898,206116,1796,0.015564634596755899,0.5,0.5,,,,,,,,,
899,206358,1798,0.014528139064307681,0.5,0.5,,,,,,,,,
900,206600,1800,0.014675472136924033,1.0,1.0,,,,,,,,,
901,206842,1802,0.015697304630051638,0.5,0.5,,,,,,,,,
902,207068,1804,0.01796004232216694,0.0,0.0,,,,,,,,,
903,207294,1806,0.014098878779551318,1.0,1.0,,,,,,,,,
904,207520,1808,0.01647243471270913,0.0,0.0,,,,,,,,,
905,207746,1810,0.016546727141848534,0.5,0.5,0.017483180018934036,0.5,0.5,,,,,,
906,207972,1812,0.014602681337972014,0.5,0.5,,,,,,,,,
907,208182,1814,0.017207487372305888,0.0,0.0,,,,,,,,,
908,208408,1816,0.012556738237236334,0.5,0.5,,,,,,,,,
909,208634,1818,0.015792770708899267,0.5,0.5,,,,,,,,,
910,208844,1820,0.016389741144998297,0.0,0.0,,,,,,,,,
911,209070,1822,0.016321653956423193,0.5,0.5,,,,,,,,,
912,209312,1824,0.01499736489769189,1.0,1.0,,,,,,,,,
913,209538,1826,0.01694447854407901,0.0,0.0,0.016118954476732564,1.0,1.0,,,,,,
914,209764,1828,0.016030081988477368,1.0,1.0,,,,,,,,,
915,209990,1830,0.019230563512187916,0.0,0.0,,,,,,,,,
916,210216,1832,0.01471948698522138,0.0,0.0,,,,,,,,,
917,210442,1834,0.014601465443237396,0.5,0.5,,,,,,,,,
918,210668,1836,0.018023014586666806,0.5,0.5,,,,,,,,,
919,210894,1838,0.017112549967605226,0.0,0.0,,,,,,,,,
920,211120,1840,0.018183120761271074,0.0,0.0,,,,,,,,,
921,211362,1842,0.016068977232000476,0.5,0.5,0.019620103762167985,0.5,0.5,,,,,,
922,211588,1844,0.015439192280519421,1.0,1.0,,,,,,,,,
923,211814,1846,0.018634424643155532,1.0,1.0,,,,,,,,,
924,212040,1848,0.01768791940565655,0.5,0.5,,,,,,,,,
925,212282,1850,0.015669180211198133,0.5,0.5,,,,,,,,,
926,212508,1852,0.014824193249830152,0.0,0.0,,,,,,,,,
927,212734,1854,0.01391280830315062,0.5,0.5,,,,,,,,,
928,212944,1856,0.01633301530822132,0.5,0.5,,,,,,,,,
929,213170,1858,0.015687066495336393,0.5,0.5,0.011640522608406959,0.5,0.5,,,,,,
930,213412,1860,0.01431883944493217,1.0,1.0,,,,,,,,,
931,213654,1862,0.013106582709237464,1.0,1.0,,,,,,,,,
932,213880,1864,0.016815381584848164,0.5,0.5,,,,,,,,,
933,214122,1866,0.012420149784319438,0.5,0.5,,,,,,,,,
934,214348,1868,0.01654275132901618,1.0,1.0,,,,,,,,,
935,214574,1870,0.016328977022431086,0.5,0.5,,,,,,,,,
936,214800,1872,0.01635449913831809,1.0,1.0,,,,,,,,,
937,215026,1874,0.015799979294598504,0.5,0.5,0.01433384662997338,1.0,1.0,,,,,,
938,215268,1876,0.018014776468272653,0.5,0.5,,,,,,,,,
939,215494,1878,0.015521869754639202,0.5,0.5,,,,,,,,,
940,215720,1880,0.016423070296285026,0.5,0.5,,,,,,,,,
941,215930,1882,0.015396157442162443,1.0,1.0,,,,,,,,,
942,216172,1884,0.01580984303499455,0.5,0.5,,,,,,,,,
943,216414,1886,0.01753967839312809,0.0,0.0,,,,,,,,,
944,216640,1888,0.01762792446304728,1.0,1.0,,,,,,,,,
945,216898,1890,0.012599554484330356,0.5,0.5,0.017817590642424507,1.0,1.0,,,,,,
946,217124,1892,0.016411097028820158,0.5,0.5,,,,,,,,,
947,217350,1894,0.015303788239193442,1.0,1.0,,,,,,,,,
948,217576,1896,0.019082888292507122,0.5,0.5,,,,,,,,,
949,217802,1898,0.014765204611133759,1.0,1.0,,,,,,,,,
950,218044,1900,0.016953687055265614,0.0,0.0,,,,,,,,,
951,218270,1902,0.014252761895854704,0.5,0.5,,,,,,,,,
952,218496,1904,0.015699037301113352,0.5,0.5,,,,,,,,,
953,218738,1906,0.01665220590610449,0.0,0.0,0.014805940648265285,1.0,1.0,,,,,,
954,218980,1908,0.011821203704752191,0.5,0.5,,,,,,,,,
955,219206,1910,0.016049009352813677,1.0,1.0,,,,,,,,,
956,219448,1912,0.016654672566975948,0.0,0.0,,,,,,,,,
957,219674,1914,0.01799461116964221,0.5,0.5,,,,,,,,,
958,219900,1916,0.01893650261138463,0.0,0.0,,,,,,,,,
959,220126,1918,0.011549186763563951,1.0,1.0,,,,,,,,,
960,220352,1920,0.016296066124953646,0.0,0.0,,,,,,,,,
961,220578,1922,0.01788303261146324,0.5,0.5,0.016229857860358257,0.5,0.5,,,,,,
962,220804,1924,0.01161307049911128,0.5,0.5,,,,,,,,,
963,221030,1926,0.018374680693378838,0.5,0.5,,,,,,,,,
964,221272,1928,0.015462104586685036,0.5,0.5,,,,,,,,,
965,221514,1930,0.012713060729245211,0.5,0.5,,,,,,,,,
966,221740,1932,0.011689416668410575,0.5,0.5,,,,,,,,,
967,221966,1934,0.015352141154796004,0.0,0.0,,,,,,,,,
968,222176,1936,0.01944812421458974,0.0,0.0,,,,,,,,,
969,222418,1938,0.014671482075603195,1.0,1.0,0.01651171148161118,0.5,0.5,,,,,,
970,222644,1940,0.012750739593436127,0.5,0.5,,,,,,,,,
971,222870,1942,0.014000294313796268,1.0,1.0,,,,,,,,,
972,223112,1944,0.01392236861331508,0.5,0.5,,,,,,,,,
973,223338,1946,0.01680007078787428,1.0,1.0,,,,,,,,,
974,223580,1948,0.00931594391469539,1.0,1.0,,,,,,,,,
975,223806,1950,0.015900325094052634,1.0,1.0,,,,,,,,,
976,224032,1952,0.01272540430193223,0.5,0.5,,,,,,,,,
977,224274,1954,0.01761349803201823,0.0,0.0,0.01604296278789324,0.5,0.5,,,,,,
978,224484,1956,0.017197439343543973,0.0,0.0,,,,,,,,,
979,224710,1958,0.019288599810751195,0.5,0.5,,,,,,,,,
980,224936,1960,0.016076626338907513,0.0,0.0,,,,,,,,,
981,225178,1962,0.017411752245502652,0.0,0.0,,,,,,,,,
982,225404,1964,0.019239702200605106,0.0,0.0,,,,,,,,,
983,225630,1966,0.018601902258887283,0.5,0.5,,,,,,,,,
984,225872,1968,0.01794825967210201,0.0,0.0,,,,,,,,,
985,226114,1970,0.015104360650315412,0.5,0.5,0.018301516586849323,0.0,0.0,,,,,,
986,226356,1972,0.01298055054705577,0.0,0.0,,,,,,,,,
987,226598,1974,0.014361580743964718,0.5,0.5,,,,,,,,,
988,226824,1976,0.01635600111934807,0.5,0.5,,,,,,,,,
989,227050,1978,0.014951962465175635,0.5,0.5,,,,,,,,,
990,227276,1980,0.013718883206366796,0.5,0.5,,,,,,,,,
991,227502,1982,0.018282740689134883,0.5,0.5,,,,,,,,,
992,227744,1984,0.013557319943463387,1.0,1.0,,,,,,,,,
993,227970,1986,0.01903646511757132,1.0,1.0,0.01806390013414087,0.5,0.5,,,,,,
994,228212,1988,0.02061542132391481,0.0,0.0,,,,,,,,,
995,228406,1990,0.012597378024899207,1.0,1.0,,,,,,,,,
996,228632,1992,0.01278075298639696,0.5,0.5,,,,,,,,,
997,228858,1994,0.013336511465279349,0.0,0.0,,,,,,,,,
998,229100,1996,0.013905038712305442,0.5,0.5,,,,,,,,,
999,229342,1998,0.015330747304602082,0.5,0.5,,,,,,,,,
1000,229568,2000,0.017000134307400095,1.0,1.0,,,,,,,,,
1001,229794,2002,0.013592161973771642,0.5,0.5,0.017347686796505345,0.0,0.0,0.5239999890327454,0.0,0.0,0.48409134646224905,0.46884656821205994,0.0

